上位のページ,クリック数,表示回数,CTR,掲載順位
https://ritotabi.com/destinations/miyako-island/running/,79,441,17.91%,3.1
https://ritotabi.com/destinations/miyako-island/beaches/,58,1296,4.48%,8.24
https://ritotabi.com/destinations/aka-island/,44,1910,2.3%,7.73
https://ritotabi.com/destinations/ishigaki-island/running/,41,220,18.64%,4.07
https://ritotabi.com/destinations/yoron-island/beaches/,25,1550,1.61%,11.64
https://ritotabi.com/destinations/cham-island/,18,601,3%,8.41
https://ritotabi.com/hotels/da-nang/,18,343,5.25%,12.01
https://ritotabi.com/destinations/con-dao-island/,17,260,6.54%,12.98
https://ritotabi.com/hotels/an-bang/,15,262,5.73%,8.58
https://ritotabi.com/destinations/hoian-old-town/running/,11,27,40.74%,3.56
https://ritotabi.com/en/destinations/hoian-old-town/running/,10,431,2.32%,7.88
https://ritotabi.com/en/destinations/con-dao-island/,8,1016,0.79%,13.69
https://ritotabi.com/en/hotels/miyako-island/,8,992,0.81%,22.04
https://ritotabi.com/destinations/yoron-island/running/,8,46,17.39%,6.09
https://ritotabi.com/hotels/miyako-island/,7,105,6.67%,8.14
https://ritotabi.com/hotels/yoron-island/,6,620,0.97%,32
https://ritotabi.com/japan/,6,387,1.55%,7.37
https://ritotabi.com/en/destinations/miyako-island/beaches/,6,296,2.03%,7.69
https://ritotabi.com/hotels/hoian-old-town/,6,106,5.66%,12.08
https://ritotabi.com/destinations/yoron-island/,5,726,0.69%,17.76
https://ritotabi.com/hotels/kume-island/,5,71,7.04%,20.06
https://ritotabi.com/en/destinations/cham-island/,4,541,0.74%,9.18
https://ritotabi.com/en/hotels/an-bang/,4,268,1.49%,11.22
https://ritotabi.com/en/hotels/yoron-island/,4,202,1.98%,9.11
https://ritotabi.com/hotels/aka-island/,4,140,2.86%,17.98
https://ritotabi.com/en/destinations/an-bang/running/,4,116,3.45%,6.98
https://ritotabi.com/hotels/con-dao-island/,4,100,4%,8.98
https://ritotabi.com/en/hotels/ishigaki-island/,3,750,0.4%,25.1
https://ritotabi.com/en/hotels/con-dao-island/,3,396,0.76%,20.04
https://ritotabi.com/en/destinations/kume-island/,3,306,0.98%,10.12
https://ritotabi.com/en/japan/,3,238,1.26%,7.15
https://ritotabi.com/destinations/miyako-island/,3,185,1.62%,11.54
https://ritotabi.com/en/destinations/miyako-island/running/,3,89,3.37%,7.34
https://ritotabi.com/en/hotels/aka-island/,2,314,0.64%,14.09
https://ritotabi.com/en/destinations/yoron-island/beaches/,2,251,0.8%,7.31
https://ritotabi.com/en/destinations/miyako-island/,2,208,0.96%,7.81
https://ritotabi.com/en/vietnam/,2,104,1.92%,16.98
https://ritotabi.com/en/destinations/con-dao-island/running/,2,49,4.08%,6.04
https://ritotabi.com/en/destinations/aka-island/,1,646,0.15%,7.52
https://ritotabi.com/en/hotels/kume-island/,1,405,0.25%,19.93
https://ritotabi.com/en/hotels/amami-island/,1,286,0.35%,17.28
https://ritotabi.com/en/hotels/da-nang/,1,278,0.36%,20.42
https://ritotabi.com/vietnam/,1,232,0.43%,8.86
https://ritotabi.com/hotels/amami-island/,1,106,0.94%,24.58
https://ritotabi.com/en/destinations/amami-island/,1,77,1.3%,9.9
https://ritotabi.com/en/destinations/ishigaki-island/running/,1,60,1.67%,5.7
https://ritotabi.com/hotels/ishigaki-island/,1,48,2.08%,12.19
https://ritotabi.com/en/hotels/hoian-old-town/,1,36,2.78%,28.92
https://ritotabi.com/destinations/an-bang/running/,1,25,4%,6.32
https://ritotabi.com/destinations/con-dao-island/running/,1,14,7.14%,5.86
https://ritotabi.com/,1,3,33.33%,3.33
https://ritotabi.com/destinations/kume-island/,0,184,0%,33.7
https://ritotabi.com/en/destinations/ishigaki-island/,0,182,0%,9.69
https://ritotabi.com/en/destinations/yoron-island/,0,92,0%,10.22
https://ritotabi.com/destinations/amami-island/,0,29,0%,9.9
https://ritotabi.com/en/,0,16,0%,6.5
https://ritotabi.com/hotels/okinawa-main/,0,15,0%,6.8
https://ritotabi.com/destinations/ishigaki-island/,0,13,0%,7.77
https://ritotabi.com/images/destinations/con-dao-island/Bai_Nhat_01.JPG?width=3840,0,8,0%,4.62
https://ritotabi.com/en/profile/,0,4,0%,6
https://ritotabi.com/profile/,0,4,0%,6
https://ritotabi.com/images/destinations/con-dao-island/Bai_Nhat_01.JPG,0,3,0%,4.67
https://ritotabi.com/contact/,0,3,0%,7
https://ritotabi.com/images/hotels/an-bang/ThePearlHoiAn_02.JPG?width=3840,0,2,0%,4
https://ritotabi.com/images/destinations/aka-island/20220409_120553.JPG?width=3840,0,2,0%,5
https://ritotabi.com/images/destinations/ishigaki-island/DSC00174.JPG?width=3840,0,2,0%,5.5
https://ritotabi.com/images/destinations/yoron-island/beaches/20240921_130504.JPG?width=3840,0,2,0%,5.5
https://ritotabi.com/privacy/,0,2,0%,6
https://ritotabi.com/en/destinations/,0,2,0%,9
https://ritotabi.com/en/contact/,0,1,0%,2
https://ritotabi.com/images/destinations/miyako-island/20231103_102205.JPG,0,1,0%,4
https://ritotabi.com/images/destinations/miyako-island/20231103_102205.JPG?width=3840,0,1,0%,4
https://ritotabi.com/images/destinations/miyako-island/beaches/20231103_101727.JPG?width=3840,0,1,0%,4
https://ritotabi.com/images/destinations/amami-island/20250408_123222.JPG?width=3840,0,1,0%,5
https://ritotabi.com/images/destinations/kume-island/DSC00346.JPG?width=3840,0,1,0%,5
https://ritotabi.com/images/destinations/miyako-island/DSC00565.JPG?width=3840,0,1,0%,5
https://ritotabi.com/images/destinations/yoron-island/running/20251010_180056.JPG?width=3840,0,1,0%,5
https://ritotabi.com/images/destinations/aka-island/DSC_0524.JPG?width=3840,0,1,0%,6
https://ritotabi.com/images/destinations/aka-island/DSC_0534.JPG?width=3840,0,1,0%,6
https://ritotabi.com/images/destinations/aka-island/DSC_0548.JPG?width=3840,0,1,0%,6
https://ritotabi.com/images/destinations/cham-island/xep_01.JPG?width=3840,0,1,0%,7
https://ritotabi.com/images/destinations/cham-island/xep_01.JPG,0,1,0%,8
https://ritotabi.com/images/destinations/yoron-island/beaches/20230715_122030.JPG?width=3840,0,1,0%,8
https://ritotabi.com/images/destinations/yoron-island/beaches/20251012_100938.JPG?width=3840,0,1,0%,8